{
    "iou": 0.6581153902769828,
    "precision": 0.7938113283744843,
    "recall": 0.7938113283744843,
    "f1-score": 0.7938113283744948,
    "accuracy": 0.7938113283745053
}