{
    "iou": 0.6014248341932439,
    "precision": 0.7511121613094658,
    "recall": 0.7511121613094658,
    "f1-score": 0.7511121613100574,
    "accuracy": 0.7511121613106491
}