{
    "iou": 0.44305140591281644,
    "precision": 0.6140479876137227,
    "recall": 0.6140479876137227,
    "f1-score": 0.6140479876149109,
    "accuracy": 0.614047987616099
}